t_sim,x,y,z,vx,vy,vz,quat_w,foot_contact,belly,n_state,n_gait,n_hb
0.0,-0.0342,-0.0011,0.3138,0.0,0.0,0.0,1.0,1111,0,1001,100,2
1.0,-0.0342,-0.0011,0.3138,0.0,-0.0,0.0,1.0,1111,0,2001,200,4
2.0,-0.0342,-0.0011,0.3138,0.0,-0.0,0.0,1.0,1111,0,3001,300,6
3.0,-0.0342,-0.0011,0.3138,-0.0,-0.0,0.0,1.0,1111,0,4001,400,8
4.0,-0.0342,-0.0011,0.3138,-0.0,-0.0,0.0,1.0,1111,0,5001,500,10
5.0,-0.0342,-0.0011,0.3138,-0.0,-0.0,0.0,1.0,1111,0,6001,600,12
6.0,-0.0342,-0.0011,0.3138,-0.0,-0.0,0.0,1.0,1111,0,7001,700,14
7.0,-0.0342,-0.0011,0.3138,-0.0,-0.0,0.0,1.0,1111,0,8001,800,16
8.0,-0.0342,-0.0011,0.3138,-0.0,-0.0,0.0,1.0,1111,0,9001,900,18
9.0,-0.0342,-0.0011,0.3138,-0.0,-0.0,0.0,1.0,1111,0,10001,1000,20
10.0,-0.0342,-0.0011,0.3138,-0.0,-0.0,-0.0,1.0,1111,0,11001,1100,22
--- summary [standing] ---
samples=9  x_travel=0.000 m  vx_mean=0.000 m/s  vx_min=0.000  vx_max=0.000
z_mean=0.3138 m  z_min=0.3138  z_max=0.3138
quad_state msgs=11001  gait_state msgs=1100  controller_heartbeat msgs=22
belly_contact samples=0 (0 = never fell)
achieved_realtime_rate=1.100  (sim 11.0 s advanced over 10.0 s wall; simulator_realtime_rate target 1.0)
